beautiful,blue,brown,dog,fox,jumps,lazy,love,quick,sky,today
0.6047493735197427,0.5182242665631911,0.0,0.0,0.0,0.0,0.0,0.0,0.0,0.6047493735197427,0.0
0.455453973865905,0.39028945195301484,0.0,0.0,0.0,0.0,0.0,0.657873467373268,0.0,0.455453973865905,0.0
0.0,0.0,0.3756534976810389,0.3756534976810389,0.3756534976810389,0.5426069004353046,0.3756534976810389,0.0,0.3756534976810389,0.0,0.0
0.0,0.35785031358550456,0.41759864776283845,0.41759864776283845,0.41759864776283845,0.0,0.41759864776283845,0.0,0.41759864776283845,0.0,0.0
0.35758303672574643,0.3064214946831838,0.0,0.0,0.0,0.0,0.0,0.0,0.0,0.7151660734514929,0.5165053018373492
0.0,0.0,0.4472135954999579,0.4472135954999579,0.4472135954999579,0.0,0.4472135954999579,0.0,0.4472135954999579,0.0,0.0
